{
  "version": "20.0.0",
  "files": {
    "75b5d9f13154e1048468eeb38e08a0c1fbc1c4b67945695dc51d2592fbf1ed07": {
      "source": {
        "path": "asset.75b5d9f13154e1048468eeb38e08a0c1fbc1c4b67945695dc51d2592fbf1ed07",
        "packaging": "zip"
      },
      "destinations": {
        "current_account-current_region": {
          "bucketName": "cdk-hnb659fds-assets-${AWS::AccountId}-${AWS::Region}",
          "objectKey": "75b5d9f13154e1048468eeb38e08a0c1fbc1c4b67945695dc51d2592fbf1ed07.zip",
          "assumeRoleArn": "arn:${AWS::Partition}:iam::${AWS::AccountId}:role/cdk-hnb659fds-file-publishing-role-${AWS::AccountId}-${AWS::Region}"
        }
      }
    },
    "4e4c23addd4f01d3df9956b6d32386b7ca759d9aaa201b61a9bd03066af4655b": {
      "source": {
        "path": "CustomerCrudCdkApp01Stack.template.json",
        "packaging": "file"
      },
      "destinations": {
        "current_account-current_region": {
          "bucketName": "cdk-hnb659fds-assets-${AWS::AccountId}-${AWS::Region}",
          "objectKey": "4e4c23addd4f01d3df9956b6d32386b7ca759d9aaa201b61a9bd03066af4655b.json",
          "assumeRoleArn": "arn:${AWS::Partition}:iam::${AWS::AccountId}:role/cdk-hnb659fds-file-publishing-role-${AWS::AccountId}-${AWS::Region}"
        }
      }
    }
  },
  "dockerImages": {}
}